<?xml version="1.0" encoding="utf-8"?><feed xmlns="http://www.w3.org/2005/Atom" ><generator uri="https://jekyllrb.com/" version="3.8.5">Jekyll</generator><link href="http://localhost:4000/feed.xml" rel="self" type="application/atom+xml" /><link href="http://localhost:4000/" rel="alternate" type="text/html" /><updated>2020-09-23T09:41:28+07:00</updated><id>http://localhost:4000/feed.xml</id><title type="html">berpijar/arsip</title><subtitle>Arsip dari Berpijar, website yang #BukanSekadarBeropini.</subtitle><entry><title type="html">Terima kasih, kami pamit!</title><link href="http://localhost:4000/terima-kasih-kami-pamit/" rel="alternate" type="text/html" title="Terima kasih, kami pamit!" /><published>2020-09-23T00:00:00+07:00</published><updated>2020-09-23T00:00:00+07:00</updated><id>http://localhost:4000/terima-kasih-kami-pamit</id><content type="html" xml:base="http://localhost:4000/terima-kasih-kami-pamit/">&lt;p&gt;Terima kasih atas perjalanan yang berkesan, artikel yang mencerahkan, dan resensi yang tajam dari para penulis dan pembaca Berpijar! Setelah 2 tahun dan 5 bulan, Berpijar kini harus pamit dan tak lagi beroperasi. Meskipun demikian, kami menyediakan situs ini bagi arsip tulisan-tulisan yang pernah tayang di Berpijar.&lt;/p&gt;

&lt;p&gt;Ini adalah situs pengarsipan. Situs ini hanya menampilkan artikel dan rujukan yang sebelumnya pernah tayang di Berpijar.co (yang kini tak lagi beroperasi). Kami harap, artikel dan resensi tersebut tetap dapat memberi manfaat bagi pembaca.&lt;/p&gt;

&lt;p&gt;Bagi pembaca yang baru menemukan situs ini, selamat datang, semoga artikel yang ada di arsip ini masih memberi manfaat bagi pembaca. Perlu diperhatikan, bahwa situs ini &lt;strong&gt;tidak menerima dan menerbitkan artikel atau resensi apapun&lt;/strong&gt;. Pertanyaan mengenai situs, silahkan dialamatkan ke &lt;a href=&quot;mailto:redaksi.berpijar@gmail.com&quot;&gt;redaksi.berpijar@gmail.com&lt;/a&gt;. Mengingat bahwa berpijar/arsip tidak secara aktif dikelola, setiap email yang masuk mungkin membutuhkan waktu sedikit lama untuk direspon. Namun, kami akan tetap merespon sebaik mungkin. Mohon tidak mengirimkan email terkait kemungkinan aktivasi kembali situs Berpijar.&lt;/p&gt;

&lt;p&gt;Akhir kata, selamat menjelajah &lt;strong&gt;berpijar/arsip&lt;/strong&gt;!&lt;/p&gt;

&lt;p&gt;Salam hangat,&lt;/p&gt;

&lt;p&gt;berpijar/arsip&lt;/p&gt;</content><author><name>berpijar</name></author><category term="sticky" /><category term="featured" /><summary type="html">Terima kasih atas perjalanan yang berkesan, artikel yang mencerahkan, dan resensi yang tajam dari para penulis dan pembaca Berpijar! Setelah 2 tahun dan 5 bulan, Berpijar kini harus pamit dan tak lagi beroperasi. Meskipun demikian, kami menyediakan situs ini bagi arsip tulisan-tulisan yang pernah tayang di Berpijar.</summary><media:thumbnail xmlns:media="http://search.yahoo.com/mrss/" url="http://localhost:4000/assets/images/home.jpg" /></entry><entry><title type="html">Welcome to Jekyll!</title><link href="http://localhost:4000/welcome-to-jekyll/" rel="alternate" type="text/html" title="Welcome to Jekyll!" /><published>2019-02-04T00:00:00+07:00</published><updated>2019-02-04T00:00:00+07:00</updated><id>http://localhost:4000/welcome-to-jekyll</id><content type="html" xml:base="http://localhost:4000/welcome-to-jekyll/">&lt;p&gt;You’ll find this post in your &lt;code class=&quot;highlighter-rouge&quot;&gt;_posts&lt;/code&gt; directory. Go ahead and edit it and re-build the site to see your changes. You can rebuild the site in many different ways, but the most common way is to run &lt;code class=&quot;highlighter-rouge&quot;&gt;jekyll serve&lt;/code&gt;, which launches a web server and auto-regenerates your site when a file is updated.&lt;/p&gt;

&lt;p&gt;To add new posts, simply add a file in the &lt;code class=&quot;highlighter-rouge&quot;&gt;_posts&lt;/code&gt; directory that follows the convention &lt;code class=&quot;highlighter-rouge&quot;&gt;YYYY-MM-DD-name-of-post.ext&lt;/code&gt; and includes the necessary front matter. Take a look at the source for this post to get an idea about how it works.&lt;/p&gt;

&lt;p&gt;Jekyll also offers powerful support for code snippets:&lt;/p&gt;

&lt;figure class=&quot;highlight&quot;&gt;&lt;pre&gt;&lt;code class=&quot;language-ruby&quot; data-lang=&quot;ruby&quot;&gt;&lt;span class=&quot;k&quot;&gt;def&lt;/span&gt; &lt;span class=&quot;nf&quot;&gt;print_hi&lt;/span&gt;&lt;span class=&quot;p&quot;&gt;(&lt;/span&gt;&lt;span class=&quot;nb&quot;&gt;name&lt;/span&gt;&lt;span class=&quot;p&quot;&gt;)&lt;/span&gt;
  &lt;span class=&quot;nb&quot;&gt;puts&lt;/span&gt; &lt;span class=&quot;s2&quot;&gt;&quot;Hi, &lt;/span&gt;&lt;span class=&quot;si&quot;&gt;#{&lt;/span&gt;&lt;span class=&quot;nb&quot;&gt;name&lt;/span&gt;&lt;span class=&quot;si&quot;&gt;}&lt;/span&gt;&lt;span class=&quot;s2&quot;&gt;&quot;&lt;/span&gt;
&lt;span class=&quot;k&quot;&gt;end&lt;/span&gt;
&lt;span class=&quot;n&quot;&gt;print_hi&lt;/span&gt;&lt;span class=&quot;p&quot;&gt;(&lt;/span&gt;&lt;span class=&quot;s1&quot;&gt;'Tom'&lt;/span&gt;&lt;span class=&quot;p&quot;&gt;)&lt;/span&gt;
&lt;span class=&quot;c1&quot;&gt;#=&amp;gt; prints 'Hi, Tom' to STDOUT.&lt;/span&gt;&lt;/code&gt;&lt;/pre&gt;&lt;/figure&gt;

&lt;p&gt;Check out the &lt;a href=&quot;https://jekyllrb.com/docs/home&quot;&gt;Jekyll docs&lt;/a&gt; for more info on how to get the most out of Jekyll. File all bugs/feature requests at &lt;a href=&quot;https://github.com/jekyll/jekyll&quot;&gt;Jekyll’s GitHub repo&lt;/a&gt;. If you have questions, you can ask them on &lt;a href=&quot;https://talk.jekyllrb.com/&quot;&gt;Jekyll Talk&lt;/a&gt;.&lt;/p&gt;</content><author><name>berpijar</name></author><summary type="html">You’ll find this post in your _posts directory. Go ahead and edit it and re-build the site to see your changes. You can rebuild the site in many different ways, but the most common way is to run jekyll serve, which launches a web server and auto-regenerates your site when a file is updated.</summary><media:thumbnail xmlns:media="http://search.yahoo.com/mrss/" url="http://localhost:4000/assets/images/demo1.jpg" /></entry><entry><title type="html">Powerful things you can do with the Markdown editor</title><link href="http://localhost:4000/powerful-things-markdown-editor/" rel="alternate" type="text/html" title="Powerful things you can do with the Markdown editor" /><published>2019-02-03T00:00:00+07:00</published><updated>2019-02-03T00:00:00+07:00</updated><id>http://localhost:4000/powerful-things-markdown-editor</id><content type="html" xml:base="http://localhost:4000/powerful-things-markdown-editor/">&lt;p&gt;There are lots of powerful things you can do with the Markdown editor. If you’ve gotten pretty comfortable with writing in Markdown, then you may enjoy some more advanced tips about the types of things you can do with Markdown!&lt;/p&gt;

&lt;p&gt;As with the last post about the editor, you’ll want to be actually editing this post as you read it so that you can see all the Markdown code we’re using.&lt;/p&gt;

&lt;h2 id=&quot;special-formatting&quot;&gt;Special formatting&lt;/h2&gt;

&lt;p&gt;As well as bold and italics, you can also use some other special formatting in Markdown when the need arises, for example:&lt;/p&gt;

&lt;ul&gt;
  &lt;li&gt;&lt;del&gt;strike through&lt;/del&gt;&lt;/li&gt;
  &lt;li&gt;==highlight==&lt;/li&gt;
  &lt;li&gt;*escaped characters*&lt;/li&gt;
&lt;/ul&gt;

&lt;h2 id=&quot;writing-code-blocks&quot;&gt;Writing code blocks&lt;/h2&gt;

&lt;p&gt;There are two types of code elements which can be inserted in Markdown, the first is inline, and the other is block. Inline code is formatted by wrapping any word or words in back-ticks, &lt;code class=&quot;highlighter-rouge&quot;&gt;like this&lt;/code&gt;. Larger snippets of code can be displayed across multiple lines using triple back ticks:&lt;/p&gt;

&lt;div class=&quot;highlighter-rouge&quot;&gt;&lt;div class=&quot;highlight&quot;&gt;&lt;pre class=&quot;highlight&quot;&gt;&lt;code&gt;.my-link {
    text-decoration: underline;
}
&lt;/code&gt;&lt;/pre&gt;&lt;/div&gt;&lt;/div&gt;

&lt;p&gt;If you want to get really fancy, you can even add syntax highlighting using Rouge.&lt;/p&gt;

&lt;p&gt;&lt;img src=&quot;/assets/images/8.jpg&quot; alt=&quot;walking&quot; /&gt;&lt;/p&gt;

&lt;h2 id=&quot;reference-lists&quot;&gt;Reference lists&lt;/h2&gt;

&lt;p&gt;The quick brown jumped over the lazy.&lt;/p&gt;

&lt;p&gt;Another way to insert links in markdown is using reference lists. You might want to use this style of linking to cite reference material in a Wikipedia-style. All of the links are listed at the end of the document, so you can maintain full separation between content and its source or reference.&lt;/p&gt;

&lt;h2 id=&quot;full-html&quot;&gt;Full HTML&lt;/h2&gt;

&lt;p&gt;Perhaps the best part of Markdown is that you’re never limited to just Markdown. You can write HTML directly in the Markdown editor and it will just work as HTML usually does. No limits! Here’s a standard YouTube embed code as an example:&lt;/p&gt;

&lt;p&gt;&lt;iframe style=&quot;width:100%;&quot; height=&quot;315&quot; src=&quot;https://www.youtube.com/embed/Cniqsc9QfDo?rel=0&amp;amp;showinfo=0&quot; frameborder=&quot;0&quot; allowfullscreen=&quot;&quot;&gt;&lt;/iframe&gt;&lt;/p&gt;</content><author><name>jane</name></author><category term="summer" /><summary type="html">There are lots of powerful things you can do with the Markdown editor. If you’ve gotten pretty comfortable with writing in Markdown, then you may enjoy some more advanced tips about the types of things you can do with Markdown!</summary><media:thumbnail xmlns:media="http://search.yahoo.com/mrss/" url="https://images.unsplash.com/photo-1528784351875-d797d86873a1?ixlib=rb-1.2.1&amp;auto=format&amp;fit=crop&amp;w=750&amp;q=80" /></entry><entry><title type="html">The first mass-produced book to deviate from a rectilinear format</title><link href="http://localhost:4000/first-mass-produced/" rel="alternate" type="text/html" title="The first mass-produced book to deviate from a rectilinear format" /><published>2019-02-02T00:00:00+07:00</published><updated>2019-02-02T00:00:00+07:00</updated><id>http://localhost:4000/first-mass-produced</id><content type="html" xml:base="http://localhost:4000/first-mass-produced/">&lt;p&gt;The first mass-produced book to deviate from a rectilinear format, at least in the United States, is thought to be this 1863 edition of Red Riding Hood, cut into the shape of the protagonist herself with the troublesome wolf curled at her feet. Produced by the Boston-based publisher Louis Prang, this is the first in their “Doll Series”, a set of five “die-cut” books, known also as shape books — the other titles being Robinson Crusoe, Goody Two-Shoes (also written by Red Riding Hood author Lydia Very), Cinderella, and King Winter.&lt;/p&gt;

&lt;p&gt;An 1868 Prang catalogue would later claim that such “books in the shape of a regular paper Doll… originated with us”.&lt;/p&gt;

&lt;blockquote&gt;
  &lt;p&gt;It would seem the claim could also extend to die cut books in general, as we can’t find anything sooner, but do let us know in the comments if you have further light to shed on this! Such books are, of course, still popular in children’s publishing today, though the die cutting is not now limited to mere outlines, as evidenced in a beautiful 2014 version of the same Little Red Riding Hood story.&lt;/p&gt;
&lt;/blockquote&gt;

&lt;p&gt;The die cut has also been employed in the non-juvenile sphere as well, a recent example being Jonathan Safran Foer’s ambitious Tree of Codes.&lt;/p&gt;

&lt;p&gt;As for this particular rendition of Charles Perrault’s classic tale, the text and design is by Lydia Very (1823-1901), sister of Transcendentalist poet Jones Very. The gruesome ending of the original - which sees Little Red Riding Hood being gobbled up as well as her grandmother - is avoided here, the gore giving way to the less bloody aims of the morality tale, and the lesson that one should not disobey one’s mother.&lt;/p&gt;

&lt;p&gt;To deviate from a rectilinear format, at least in the United States, is thought to be this 1863 edition of Red Riding Hood, cut into the shape of the protagonist herself with the troublesome wolf curled at her feet. Produced by the Boston-based publisher Louis Prang, this is the first in their “Doll Series”, a set of five “die-cut” books, known also as shape books — the other titles being Robinson Crusoe, Goody Two-Shoes (also written by Red Riding Hood author Lydia Very), Cinderella, and King Winter.&lt;/p&gt;

&lt;p&gt;An 1868 Prang catalogue would later claim that such “books in the shape of a regular paper Doll… originated with us”.&lt;/p&gt;

&lt;blockquote&gt;
  &lt;p&gt;The claim could also extend to die cut books in general, as we can’t find anything sooner, but do let us know in the comments if you have further light to shed on this! Such books are, of course, still popular in children’s publishing today, though the die cutting is not now limited to mere outlines, as evidenced in a beautiful 2014 version of the same Little Red Riding Hood story.&lt;/p&gt;
&lt;/blockquote&gt;

&lt;p&gt;The die cut has also been employed in the non-juvenile sphere as well, a recent example being Jonathan Safran Foer’s ambitious Tree of Codes.&lt;/p&gt;

&lt;p&gt;As for this particular rendition of Charles Perrault’s classic tale, the text and design is by Lydia Very (1823-1901), sister of Transcendentalist poet Jones Very. The gruesome ending of the original - which sees Little Red Riding Hood being gobbled up as well as her grandmother - is avoided here, the gore giving way to the less bloody aims of the morality tale, and the lesson that one should not disobey one’s mother.&lt;/p&gt;</content><author><name>sal</name></author><category term="featured" /><summary type="html">The first mass-produced book to deviate from a rectilinear format, at least in the United States, is thought to be this 1863 edition of Red Riding Hood, cut into the shape of the protagonist herself with the troublesome wolf curled at her feet. Produced by the Boston-based publisher Louis Prang, this is the first in their “Doll Series”, a set of five “die-cut” books, known also as shape books — the other titles being Robinson Crusoe, Goody Two-Shoes (also written by Red Riding Hood author Lydia Very), Cinderella, and King Winter.</summary><media:thumbnail xmlns:media="http://search.yahoo.com/mrss/" url="http://localhost:4000/assets/images/17.jpg" /></entry><entry><title type="html">Education must also train one for quick, resolute and effective thinking.</title><link href="http://localhost:4000/education/" rel="alternate" type="text/html" title="Education must also train one for quick, resolute and effective thinking." /><published>2019-02-01T00:00:00+07:00</published><updated>2019-02-01T00:00:00+07:00</updated><id>http://localhost:4000/education</id><content type="html" xml:base="http://localhost:4000/education/">&lt;p&gt;There are lots of powerful things you can do with the Markdown editor&lt;/p&gt;

&lt;p&gt;If you’ve gotten pretty comfortable with writing in Markdown, then you may enjoy some more advanced tips about the types of things you can do with Markdown!&lt;/p&gt;

&lt;p&gt;As with the last post about the editor, you’ll want to be actually editing this post as you read it so that you can see all the Markdown code we’re using.&lt;/p&gt;

&lt;h2 id=&quot;special-formatting&quot;&gt;Special formatting&lt;/h2&gt;

&lt;p&gt;As well as bold and italics, you can also use some other special formatting in Markdown when the need arises, for example:&lt;/p&gt;

&lt;ul&gt;
  &lt;li&gt;&lt;del&gt;strike through&lt;/del&gt;&lt;/li&gt;
  &lt;li&gt;==highlight==&lt;/li&gt;
  &lt;li&gt;*escaped characters*&lt;/li&gt;
&lt;/ul&gt;

&lt;h2 id=&quot;writing-code-blocks&quot;&gt;Writing code blocks&lt;/h2&gt;

&lt;p&gt;There are two types of code elements which can be inserted in Markdown, the first is inline, and the other is block. Inline code is formatted by wrapping any word or words in back-ticks, &lt;code class=&quot;highlighter-rouge&quot;&gt;like this&lt;/code&gt;. Larger snippets of code can be displayed across multiple lines using triple back ticks:&lt;/p&gt;

&lt;div class=&quot;highlighter-rouge&quot;&gt;&lt;div class=&quot;highlight&quot;&gt;&lt;pre class=&quot;highlight&quot;&gt;&lt;code&gt;.my-link {
    text-decoration: underline;
}
&lt;/code&gt;&lt;/pre&gt;&lt;/div&gt;&lt;/div&gt;

&lt;p&gt;If you want to get really fancy, you can even add syntax highlighting using Rouge.&lt;/p&gt;

&lt;p&gt;&lt;img src=&quot;/assets/images/8.jpg&quot; alt=&quot;walking&quot; /&gt;&lt;/p&gt;

&lt;h2 id=&quot;reference-lists&quot;&gt;Reference lists&lt;/h2&gt;

&lt;p&gt;The quick brown jumped over the lazy.&lt;/p&gt;

&lt;p&gt;Another way to insert links in markdown is using reference lists. You might want to use this style of linking to cite reference material in a Wikipedia-style. All of the links are listed at the end of the document, so you can maintain full separation between content and its source or reference.&lt;/p&gt;

&lt;h2 id=&quot;full-html&quot;&gt;Full HTML&lt;/h2&gt;

&lt;p&gt;Perhaps the best part of Markdown is that you’re never limited to just Markdown. You can write HTML directly in the Markdown editor and it will just work as HTML usually does. No limits! Here’s a standard YouTube embed code as an example:&lt;/p&gt;

&lt;p&gt;&lt;iframe style=&quot;width:100%;&quot; height=&quot;315&quot; src=&quot;https://www.youtube.com/embed/Cniqsc9QfDo?rel=0&amp;amp;showinfo=0&quot; frameborder=&quot;0&quot; allowfullscreen=&quot;&quot;&gt;&lt;/iframe&gt;&lt;/p&gt;</content><author><name>berpijar</name></author><summary type="html">There are lots of powerful things you can do with the Markdown editor</summary><media:thumbnail xmlns:media="http://search.yahoo.com/mrss/" url="http://localhost:4000/assets/images/3.jpg" /></entry><entry><title type="html">Accumulated experience of social living</title><link href="http://localhost:4000/acumulated-experience/" rel="alternate" type="text/html" title="Accumulated experience of social living" /><published>2019-01-30T00:00:00+07:00</published><updated>2019-01-30T00:00:00+07:00</updated><id>http://localhost:4000/acumulated-experience</id><content type="html" xml:base="http://localhost:4000/acumulated-experience/">&lt;p&gt;The die cut has also been employed in the non-juvenile sphere as well, a recent example being Jonathan Safran Foer’s ambitious Tree of Codes.&lt;/p&gt;

&lt;p&gt;As for this particular rendition of Charles Perrault’s classic tale, the text and design is by Lydia Very (1823-1901), sister of Transcendentalist poet Jones Very. The gruesome ending of the original - which sees Little Red Riding Hood being gobbled up as well as her grandmother - is avoided here, the gore giving way to the less bloody aims of the morality tale, and the lesson that one should not disobey one’s mother.&lt;/p&gt;

&lt;p&gt;The first mass-produced book to deviate from a rectilinear format, at least in the United States, is thought to be this 1863 edition of Red Riding Hood, cut into the shape of the protagonist herself with the troublesome wolf curled at her feet. Produced by the Boston-based publisher Louis Prang, this is the first in their “Doll Series”, a set of five “die-cut” books, known also as shape books — the other titles being Robinson Crusoe, Goody Two-Shoes (also written by Red Riding Hood author Lydia Very), Cinderella, and King Winter.&lt;/p&gt;

&lt;p&gt;An 1868 Prang catalogue would later claim that such “books in the shape of a regular paper Doll… originated with us”.&lt;/p&gt;

&lt;blockquote&gt;
  &lt;p&gt;It would seem the claim could also extend to die cut books in general, as we can’t find anything sooner, but do let us know in the comments if you have further light to shed on this! Such books are, of course, still popular in children’s publishing today, though the die cutting is not now limited to mere outlines, as evidenced in a beautiful 2014 version of the same Little Red Riding Hood story.&lt;/p&gt;
&lt;/blockquote&gt;</content><author><name>sal</name></author><summary type="html">The die cut has also been employed in the non-juvenile sphere as well, a recent example being Jonathan Safran Foer’s ambitious Tree of Codes.</summary><media:thumbnail xmlns:media="http://search.yahoo.com/mrss/" url="http://localhost:4000/assets/images/15.jpg" /></entry><entry><title type="html">About Bundler</title><link href="http://localhost:4000/about-bundler/" rel="alternate" type="text/html" title="About Bundler" /><published>2019-01-29T00:00:00+07:00</published><updated>2019-01-29T00:00:00+07:00</updated><id>http://localhost:4000/about-bundler</id><content type="html" xml:base="http://localhost:4000/about-bundler/">&lt;p&gt;&lt;code class=&quot;highlighter-rouge&quot;&gt;gem install bundler&lt;/code&gt; installs the bundler gem through RubyGems. You only need to install it once - not every time you create a new Jekyll project. Here are some additional details:&lt;/p&gt;

&lt;p&gt;&lt;code class=&quot;highlighter-rouge&quot;&gt;bundler&lt;/code&gt; is a gem that manages other Ruby gems. It makes sure your gems and gem versions are compatible, and that you have all necessary dependencies each gem requires.&lt;/p&gt;

&lt;p&gt;The &lt;code class=&quot;highlighter-rouge&quot;&gt;Gemfile&lt;/code&gt; and &lt;code class=&quot;highlighter-rouge&quot;&gt;Gemfile.lock&lt;/code&gt; files inform &lt;code class=&quot;highlighter-rouge&quot;&gt;Bundler&lt;/code&gt; about the gem requirements in your site. If your site doesn’t have these Gemfiles, you can omit &lt;code class=&quot;highlighter-rouge&quot;&gt;bundle exec&lt;/code&gt; and just &lt;code class=&quot;highlighter-rouge&quot;&gt;run jekyll serve&lt;/code&gt;.&lt;/p&gt;

&lt;p&gt;When you run &lt;code class=&quot;highlighter-rouge&quot;&gt;bundle exec jekyll serve&lt;/code&gt;, &lt;code class=&quot;highlighter-rouge&quot;&gt;Bundler&lt;/code&gt; uses the gems and versions as specified in &lt;code class=&quot;highlighter-rouge&quot;&gt;Gemfile.lock&lt;/code&gt; to ensure your Jekyll site builds with no compatibility or dependency conflicts.&lt;/p&gt;

&lt;p&gt;For more information about how to use &lt;code class=&quot;highlighter-rouge&quot;&gt;Bundler&lt;/code&gt; in your Jekyll project, this tutorial should provide answers to the most common questions and explain how to get up and running quickly.&lt;/p&gt;</content><author><name>sal</name></author><summary type="html">gem install bundler installs the bundler gem through RubyGems. You only need to install it once - not every time you create a new Jekyll project. Here are some additional details:</summary><media:thumbnail xmlns:media="http://search.yahoo.com/mrss/" url="http://localhost:4000/assets/images/2.jpg" /></entry><entry><title type="html">We all wait for summer</title><link href="http://localhost:4000/we-all-wait-for-summer/" rel="alternate" type="text/html" title="We all wait for summer" /><published>2019-01-28T00:00:00+07:00</published><updated>2019-01-28T00:00:00+07:00</updated><id>http://localhost:4000/we-all-wait-for-summer</id><content type="html" xml:base="http://localhost:4000/we-all-wait-for-summer/">&lt;p&gt;This is changed. As I engage in the so-called “bull sessions” around and about the school, I too often find that most college men have a misconception of the purpose of education. Most of the “brethren” think that &lt;a href=&quot;#&quot;&gt;education should equip&lt;/a&gt; them with the proper instruments of exploitation so that they can forever trample over the masses. Still others think that education should furnish them with noble ends rather than means to an end.&lt;/p&gt;

&lt;p&gt;It seems to me that education has a two-fold function to perform in the life of man and in society: the one is utility and the other is culture. Education must enable a man to become more efficient, to achieve with increasing facility the ligitimate goals of his life.&lt;/p&gt;</content><author><name>jane</name></author><category term="featured" /><summary type="html">This is changed. As I engage in the so-called “bull sessions” around and about the school, I too often find that most college men have a misconception of the purpose of education. Most of the “brethren” think that education should equip them with the proper instruments of exploitation so that they can forever trample over the masses. Still others think that education should furnish them with noble ends rather than means to an end.</summary><media:thumbnail xmlns:media="http://search.yahoo.com/mrss/" url="http://localhost:4000/assets/images/1.jpg" /></entry><entry><title type="html">Tree of Codes</title><link href="http://localhost:4000/tree-of-codes/" rel="alternate" type="text/html" title="Tree of Codes" /><published>2019-01-27T00:00:00+07:00</published><updated>2019-01-27T00:00:00+07:00</updated><id>http://localhost:4000/tree-of-codes</id><content type="html" xml:base="http://localhost:4000/tree-of-codes/">&lt;p&gt;The first mass-produced book to deviate from a rectilinear format, at least in the United States, is thought to be this 1863 edition of Red Riding Hood, cut into the shape of the protagonist herself with the troublesome wolf curled at her feet. Produced by the Boston-based publisher Louis Prang, this is the first in their “Doll Series”, a set of five “die-cut” books, known also as shape books — the other titles being Robinson Crusoe, Goody Two-Shoes (also written by Red Riding Hood author Lydia Very), Cinderella, and King Winter.&lt;/p&gt;

&lt;p&gt;As for this particular rendition of Charles Perrault’s classic tale, the text and design is by Lydia Very (1823-1901), sister of Transcendentalist poet Jones Very. The gruesome ending of the original — which sees Little Red Riding Hood being gobbled up as well as her grandmother — is avoided here, the gore giving way to the less bloody aims of the morality tale, and the lesson that one should not disobey one’s mother.&lt;/p&gt;

&lt;blockquote&gt;
  &lt;p&gt;It would seem the claim could also extend to die cut books in general, as we can’t find anything sooner, but do let us know in the comments if you have further light to shed on this! Such books are, of course, still popular in children’s publishing today, though the die cutting is not now limited to mere outlines, as evidenced in a beautiful 2014 version of the same Little Red Riding Hood story.&lt;/p&gt;
&lt;/blockquote&gt;

&lt;p&gt;An 1868 Prang catalogue would later claim that such “books in the shape of a regular paper Doll… originated with us”.&lt;/p&gt;

&lt;p&gt;The die cut has also been employed in the non-juvenile sphere as well, a recent example being Jonathan Safran Foer’s ambitious Tree of Codes.&lt;/p&gt;</content><author><name>sal</name></author><summary type="html">The first mass-produced book to deviate from a rectilinear format, at least in the United States, is thought to be this 1863 edition of Red Riding Hood, cut into the shape of the protagonist herself with the troublesome wolf curled at her feet. Produced by the Boston-based publisher Louis Prang, this is the first in their “Doll Series”, a set of five “die-cut” books, known also as shape books — the other titles being Robinson Crusoe, Goody Two-Shoes (also written by Red Riding Hood author Lydia Very), Cinderella, and King Winter.</summary><media:thumbnail xmlns:media="http://search.yahoo.com/mrss/" url="http://localhost:4000/assets/images/2.jpg" /></entry><entry><title type="html">Red Riding Hood</title><link href="http://localhost:4000/red-riding/" rel="alternate" type="text/html" title="Red Riding Hood" /><published>2019-01-26T00:00:00+07:00</published><updated>2019-01-26T00:00:00+07:00</updated><id>http://localhost:4000/red-riding</id><content type="html" xml:base="http://localhost:4000/red-riding/">&lt;p&gt;The first mass-produced book to deviate from a rectilinear format, at least in the United States, is thought to be this 1863 edition of Red Riding Hood, cut into the shape of the protagonist herself with the troublesome wolf curled at her feet. Produced by the Boston-based publisher Louis Prang, this is the first in their “Doll Series”, a set of five “die-cut” books, known also as shape books — the other titles being Robinson Crusoe, Goody Two-Shoes (also written by Red Riding Hood author Lydia Very), Cinderella, and King Winter.&lt;/p&gt;

&lt;p&gt;An 1868 Prang catalogue would later claim that such “books in the shape of a regular paper Doll… originated with us”.&lt;/p&gt;

&lt;blockquote&gt;
  &lt;p&gt;It would seem the claim could also extend to die cut books in general, as we can’t find anything sooner, but do let us know in the comments if you have further light to shed on this! Such books are, of course, still popular in children’s publishing today, though the die cutting is not now limited to mere outlines, as evidenced in a beautiful 2014 version of the same Little Red Riding Hood story.&lt;/p&gt;
&lt;/blockquote&gt;

&lt;p&gt;The die cut has also been employed in the non-juvenile sphere as well, a recent example being Jonathan Safran Foer’s ambitious Tree of Codes.&lt;/p&gt;

&lt;p&gt;As for this particular rendition of Charles Perrault’s classic tale, the text and design is by Lydia Very (1823-1901), sister of Transcendentalist poet Jones Very. The gruesome ending of the original — which sees Little Red Riding Hood being gobbled up as well as her grandmother — is avoided here, the gore giving way to the less bloody aims of the morality tale, and the lesson that one should not disobey one’s mother.&lt;/p&gt;</content><author><name>sal</name></author><summary type="html">The first mass-produced book to deviate from a rectilinear format, at least in the United States, is thought to be this 1863 edition of Red Riding Hood, cut into the shape of the protagonist herself with the troublesome wolf curled at her feet. Produced by the Boston-based publisher Louis Prang, this is the first in their “Doll Series”, a set of five “die-cut” books, known also as shape books — the other titles being Robinson Crusoe, Goody Two-Shoes (also written by Red Riding Hood author Lydia Very), Cinderella, and King Winter.</summary><media:thumbnail xmlns:media="http://search.yahoo.com/mrss/" url="http://localhost:4000/assets/images/3.jpg" /></entry></feed>